dataset	relative_path	size_bytes	mtime_utc	sha256
subs_moleskine	.agent/workflows/cost_optimization_plan.md	5483	2026-02-17T04:50:30.993366+00:00	4161b91b9bae828ba199a435d625151754ffd13b966d35707b9fc96502e54216
subs_moleskine	.agent/workflows/dr-harrington.md	10167	2026-02-17T02:39:33.637548+00:00	baba5aacec42908ef5bc70186422999a310f4a2e190eea4cb14355632f144733
subs_moleskine	.agent/workflows/dr_harrington_impact_briefing.md	1497	2026-02-17T03:36:24.360334+00:00	b9e6bf847ab028d2abc871199a52de0c0c07cfcd263d14298c287c7d9803820d
subs_moleskine	distilled/archetype_gen_prompt.txt	982	2026-02-17T06:19:32.734842+00:00	ab80f2fc153aa608576d507b8799cea57e81d1837bf62dd9403fc145d441cff4
subs_moleskine	distilled/archetype_results.json	1055	2026-02-17T06:22:42.007329+00:00	0219bbe9ef9cfedf6ef912b8d7656d90de908b591477a8176e1de681d2f1eff1
subs_moleskine	distilled/archetypes/amara_holt.md	2015	2026-02-17T03:30:31.778220+00:00	2d96c7bd1ec491962a07416f645113367c6038854b7b46b3f1e5c0589920ebc0
subs_moleskine	distilled/archetypes/beth_armstrong.md	1727	2026-02-17T03:03:48.903759+00:00	36a036714ecf99fbde739a1ddfab83151853db385bc07dc7b457caea8a2727dc
subs_moleskine	distilled/archetypes/claire_welles.md	4144	2026-02-17T03:03:43.497536+00:00	2fc04945538cfa7dc0e5d6317813162c3d5187af92f3922e6b040864996f3f36
subs_moleskine	distilled/archetypes/kimberly_stanfield.md	1226	2026-02-17T03:04:50.931849+00:00	e8cbaf9af89e1285305fd386fa19cb9b4362dd154a46c50ff8f194f837c48ba6
subs_moleskine	distilled/archetypes/mei.md	1675	2026-02-17T03:41:22.375868+00:00	4a9157d76e7c4feed12873c73b0ce068ff3ef476565ced7f90a50db1916586ea
subs_moleskine	distilled/archetypes/sarah_vance_proposal.md	9934	2026-02-17T06:18:11.916462+00:00	fcd7c7a1ec20b0ad62d54f681b3f249949200ada0efbf34984ba2e5cc819f097
subs_moleskine	distilled/archetypes/simone_reeves.md	2475	2026-02-17T03:54:34.435702+00:00	08613f1929b23df7d8540957f5b69d0b6acddaec1ed0858b594c4dd4436c5e36
subs_moleskine	distilled/archetypes_context.md	27898	2026-02-17T06:30:20.634327+00:00	4f80f07fdf0369135774b75cbd0d34827249196b5aadafc91b582494976c87a2
subs_moleskine	distilled/dr_harrington_meta_prompt_gen.txt	1798	2026-02-17T06:38:45.633945+00:00	aabda0017b7d127fccc60332ce9ddd0aeb916f0f29afadadaaceec5ebd23aeac
subs_moleskine	distilled/el1_5_meta_prompt.txt	2436	2026-02-17T06:42:02.584403+00:00	0a24086510fdbd6e4bc3e158fd975fd0ce92be6dea19c0cf29f8a2d9f481fc7d
subs_moleskine	distilled/el1_protocol.txt	9568	2026-02-17T06:35:48.096995+00:00	88278f8580c85dd82022076e6cefcab6bb8b60b7b26b0c94bcd2e9095e40d13c
subs_moleskine	distilled/elena_gen_prompt.txt	916	2026-02-17T06:23:10.321794+00:00	2eadcc4095862fab3861393195a9b2c7cc77b452ace58ce58721521f1ac6dfcd
subs_moleskine	distilled/elena_results.json	22818	2026-02-17T06:25:48.149915+00:00	0a5006390554ac42ceff0026966254ebbb6e42346ab19c4387554145f0aa7b0b
subs_moleskine	distilled/jade_gen_prompt.txt	864	2026-02-17T06:22:59.505651+00:00	623c7d8a9466d53b75a566b836328f72e9fc397bebb25160885ff9d3e1f630a8
subs_moleskine	distilled/jade_results.json	24417	2026-02-17T06:23:41.191203+00:00	1259fff39c0a655b20f10e514ee742b8e3e98dc34f5757a2756836c0604a5679
subs_moleskine	distilled/manifest.json	2990	2026-02-17T03:34:28.313112+00:00	bdf68d9a325ffb42670cfe4218b01cfb591b454a6e9fd193d5069240aa02d604
subs_moleskine	distilled/meta_prompt_results.json	1450	2026-02-17T06:39:32.238048+00:00	19c1e0f670ff22c82c20463191d8ef649e1261802c5bccf83ca1eb496ef85041
subs_moleskine	distilled/meta_prompt_results_dt.json	569	2026-02-17T06:39:38.342918+00:00	d26bca9b8a887b85e311cad01bb83b8a1aadab649eab3d22c5e56ac07750e594
subs_moleskine	distilled/methods/archetype_template.md	1132	2026-02-17T03:30:29.934875+00:00	a83fa4f510ef0a50cdcfad9fbae0504c0621e06c9f4f1091e9d8ad1cb9bc1f44
subs_moleskine	distilled/methods/writing_council.md	1669	2026-02-17T03:04:18.503656+00:00	3edc36f80c2c6e7ef6d41842a5e9e2da3210044a824fd19c12a939e70773461c
subs_moleskine	distilled/protocols/elle_protocol.md	2120	2026-02-17T03:03:47.049460+00:00	af135786aaf42ac51ffe57914891d51b8018a03d67216678ebb2e57e72d89f97
subs_moleskine	distilled/scenes/beth_uber_arc.md	16329	2026-02-17T03:04:50.813715+00:00	7123af851fad30b4fd2e808f94d21df032018269a7ad3779ec54a60c6999fe39
subs_moleskine	distilled/scenes/claire_01_the_negotiation.md	33604	2026-02-17T03:04:32.027804+00:00	14d7a26ee6ba05fdc923f54d6d8ac74fc1389875e6b385d3803a5290816930fa
subs_moleskine	distilled/scenes/claire_02_the_prep.md	49633	2026-02-17T03:04:32.042850+00:00	871ec29644e5f2e2bdaeeb744144d9bffd4b2a0cb96b27d6bbba58eb31656e64
subs_moleskine	distilled/scenes/claire_03_the_nines.md	18566	2026-02-17T03:04:32.050117+00:00	f37cd9a5122b89e72b94ee53049b8ee966b25bb517b7fe9e31dd6e017beb8f40
subs_moleskine	distilled/scenes/claire_04_refinement.md	34549	2026-02-17T03:04:32.056168+00:00	f01d6b38c1cf0c0539426657febb816a157f42afc41eebb19912d8db7401f8c8
subs_moleskine	distilled/scenes/creme_jenna.md	2254	2026-02-17T03:04:50.782487+00:00	1d987c998172779ab6999c77266a8c775b6b0a9ef4dc8115bf285ea690e1b2c7
subs_moleskine	distilled/scenes/creme_mei.md	5103	2026-02-17T03:04:50.798209+00:00	6b4257a48f268f1b3cf6b06d05a55113381df996df5a4398797c04b1377c880d
subs_moleskine	distilled/scenes/creme_spencer_jessica.md	44492	2026-02-17T03:04:50.776647+00:00	3f75893f5ab35d0679990c889f2e15aa93fc2f82624b160918e185cd40a81c46
subs_moleskine	distilled/scenes/creme_sullivan.md	2716	2026-02-17T03:04:50.791357+00:00	eba13cee71774396a8423c7f36b6029854b83e9f882996ca81e2c9cbdd94c526
subs_moleskine	distilled/scenes/kimberly_origin.md	40558	2026-02-17T03:04:50.806710+00:00	a7c912bcc0f75a6d704e5a4f748d22a71cf9162fe796f85b956bcc643560b4f0
subs_moleskine	distilled/schemas/decision_ledger.schema.json	2373	2026-02-17T03:15:33.927441+00:00	2f419ac209ec30e6801f93ed018e7a477841261f6c15388d2c27ed42296245d8
subs_moleskine	distilled/schemas/world_state.schema.json	3619	2026-02-17T03:15:32.043671+00:00	3d2128c9a097751c872946290a17b2b11d769d3d819d625db6042270606546cc
subs_moleskine	distilled/state/decision_ledger.json	1316	2026-02-17T03:15:37.950546+00:00	afca578dee85a99534248ae0abe95a1ce6a897c1c39fc0d02f6a03b224e41bb0
subs_moleskine	distilled/state/world_state.json	1480	2026-02-17T03:15:35.941917+00:00	1e6d7175bdb52ffd4c1c820d5143b4f6db5d30a620e1d28a0c14f426fb79a1e0
subs_moleskine	distilled/test_prompt.txt	257	2026-02-17T05:59:58.382650+00:00	3a1523d478e74a82aaf51faf06a40f7580254e6d01afaf54e888d798411e7d41
subs_moleskine	distilled/test_result.json	1769	2026-02-17T06:00:50.535055+00:00	3d30fbe1641eb406767666c513cfb007ead668ad5909e229403145d112abd0ed
subs_moleskine	distilled/test_result_v2.json	2644	2026-02-17T06:07:26.922745+00:00	b415cb6a00f19955367a775cd0086731ae5c008bccd1625ffd52bd1eca1ca3c9
subs_moleskine	distilled/verify_state.py	1790	2026-02-17T03:15:47.057002+00:00	3229e0905c6a5c07fe0f91ef1bee9f298a0d44392aa225f7e15ff07ce36bc1a0
subs_moleskine	distilled/vibe_check_el1_5_final.txt	40511	2026-02-17T06:42:28.096845+00:00	2fa11fdaf2ca206d9696408f208cd5e76fab4a4859e60e893d8cac767837b63b
subs_moleskine	distilled/vibe_check_el1_5_results.json	20382	2026-02-17T06:42:47.540328+00:00	fdadf9931e5c1e35fb8bfeaffcd8a1e8763524696f627c91f75a8be3805a4203
subs_moleskine	distilled/vibe_check_el1_final.txt	38427	2026-02-17T06:36:05.428523+00:00	2a5dcb061cdca55fc40fd99069bb5456d5c2e00e7c47f90b9699dda8d01a9f4c
subs_moleskine	distilled/vibe_check_el1_prompt.txt	1048	2026-02-17T06:35:55.583878+00:00	f92bb0519132b89448b907ee7bc164c086de1dd2e5519281dd7c16ab222950fe
subs_moleskine	distilled/vibe_check_el1_result.json	16388	2026-02-17T06:36:23.080028+00:00	efb046f601ccb334ff4245bf5dc1d8877849620b2b8d33c50d6488de87296dbc
subs_moleskine	distilled/vibe_check_prompt.txt	1249	2026-02-17T06:30:30.051066+00:00	046b1000ed328655a7c91eba811e1c9918cdf4991d2b9a76128425e5563abaee
subs_moleskine	distilled/vibe_check_prompt_final.txt	29102	2026-02-17T06:30:36.365152+00:00	29d5947f0dcf18919a16af475103de23af2c05c13e54a35e888111e4820e0c92
subs_moleskine	distilled/vibe_check_prompt_v2.txt	463	2026-02-17T06:31:02.581976+00:00	fcaa0487bf78cda4ca638aba7c2394f5aaf29795dde287a8b92bf68c0df23ecf
subs_moleskine	distilled/vibe_check_prompt_v2_final.txt	28329	2026-02-17T06:31:28.329204+00:00	60ddfe39dcbcdf1387f1494c7e4e400ca4a37a2fe70dea600084e22986b3946c
subs_moleskine	distilled/vibe_check_result.json	1054	2026-02-17T06:30:56.653941+00:00	2b895c285386afb953daaecec056c4fb789d8916c5ce0f61d0a32a00f07aac3d
subs_moleskine	distilled/vibe_check_result_v2.json	15820	2026-02-17T06:31:58.700449+00:00	f2b8197482193bac168543e1cc37fabfb8686e06415e627aa03187118495f6c6
subs_moleskine	harrington_breakdown_holt_transition.md	7471	2026-02-17T08:25:21.918508+00:00	c56069f05fda74cc9dec45b90d892e5f4b452af053b46ad57bfd7dd0905d014d
subs_moleskine	little_black_book.md	38508	2026-02-17T02:25:08.504571+00:00	9acdb6dc45d1fd8571021b92791bca5bef75de113cc01dba63e6b03bd6afd7a9
subs_moleskine	moleskine_prototype.html	16320	2026-02-17T02:22:20.122707+00:00	d95024fa998fb04639654aba8cd1b3e1967214a93c591c2c44cc292195457d0a
subs_moleskine	reference/2_Weeks_In_2026.txt	58813	2026-01-18T12:55:06.004398+00:00	cf61f1507e78f96812b9ca659461f4ad6813486f2e4ad5de4ca5c2a79f2de02c
subs_moleskine	reference/Council_Example.md	7306	2026-01-30T22:03:37.988725+00:00	3bace48cb3d824c57c5ed446fc70ecb88bda694ba91bb67055e2ad4bc041a2ff
subs_moleskine	reference/EL1_cold.md	11211	2026-02-14T06:48:35.871887+00:00	88d6fe99e788d129a800e94af1f805a625f07d566698611328c3c6b25cc8334d
subs_moleskine	reference/El1_full.md	943794	2026-02-16T18:32:29.653020+00:00	c72f475cef1beff5e4808ea09fecc3eff66d6611f197ceabe6dcd4e490dd9b30
subs_moleskine	reference/The_Intellectual_Arsenal.pdf	56888	2025-12-13T04:34:09.692076+00:00	c3fa3c39d4cbe365c007fbc9bf4c6c431fbfcadfe1182da75da6ebd9d41d5a62
subs_moleskine	reference/The_Intimate_Arsenal_FlagshipStyle.pdf	71242	2025-12-28T04:50:10.363667+00:00	d65bde11bb8e641e1982c33c3172969ca8d92ce3bb16bb6b073c10ebcd59b8ea
subs_moleskine	reference/creme.md	54565	2026-02-03T13:01:50.113177+00:00	6e4be0f24fd7c24b347790c6c03aa208f66be42442778854d36f8e9cc20ecea2
