date,game_id,home_team,away_team,home_score,away_score,season,point_diff,total_points,home_win,home_avg_points_L5,home_avg_allowed_L5,home_win_rate_L5,away_avg_points_L5,away_avg_allowed_L5,away_win,away_win_rate_L5,home_advantage,point_spread_estimate
2024-10-04,0012400001,Denver Nuggets,Boston Celtics,0,0,2024-25,0,0,0,0.0,0.0,0.5,0.0,0.0,1,0.5,3,
2024-10-04,0012400002,Utah Jazz,Team_15020,0,0,2024-25,0,0,0,0.0,0.0,0.5,0.0,0.0,1,0.5,3,
2024-10-04,0012400003,Los Angeles Lakers,Minnesota Timberwolves,0,0,2024-25,0,0,0,0.0,0.0,0.5,0.0,0.0,1,0.5,3,
2024-10-05,0012400004,Los Angeles Clippers,Golden State Warriors,0,0,2024-25,0,0,0,0.0,0.0,0.5,0.0,0.0,1,0.5,3,
2024-10-06,0012400005,Boston Celtics,Denver Nuggets,0,0,2024-25,0,0,0,0.0,0.0,0.5,0.0,0.0,1,0.5,3,
2024-10-06,0012400006,Charlotte Hornets,New York Knicks,0,0,2024-25,0,0,0,0.0,0.0,0.5,0.0,0.0,1,0.5,3,
2024-10-06,0012400007,Toronto Raptors,Washington Wizards,0,0,2024-25,0,0,0,0.0,0.0,0.5,0.0,0.0,1,0.5,3,
2024-10-06,0012400008,Detroit Pistons,Milwaukee Bucks,0,0,2024-25,0,0,0,0.0,0.0,0.5,0.0,0.0,1,0.5,3,
2024-10-06,0012400009,Los Angeles Lakers,Phoenix Suns,0,0,2024-25,0,0,0,0.0,0.0,0.0,0.0,0.0,1,0.5,3,
2024-10-07,0012400014,Utah Jazz,Houston Rockets,0,0,2024-25,0,0,0,0.0,0.0,0.0,0.0,0.0,1,0.5,3,
2024-10-07,0012400012,Dallas Mavericks,Memphis Grizzlies,0,0,2024-25,0,0,0,0.0,0.0,0.5,0.0,0.0,1,0.5,3,
2024-10-07,0012400013,San Antonio Spurs,Oklahoma City Thunder,0,0,2024-25,0,0,0,0.0,0.0,0.5,0.0,0.0,1,0.5,3,
2024-10-07,0012400010,New Orleans Pelicans,Orlando Magic,0,0,2024-25,0,0,0,0.0,0.0,0.5,0.0,0.0,1,0.5,3,
2024-10-07,0012400011,Philadelphia 76ers,Team_15020,0,0,2024-25,0,0,0,0.0,0.0,0.5,0.0,0.0,1,1.0,3,
2024-10-08,0012400015,Charlotte Hornets,Miami Heat,0,0,2024-25,0,0,0,0.0,0.0,0.0,0.0,0.0,1,0.5,3,
2024-10-08,0012400016,Cleveland Cavaliers,Chicago Bulls,0,0,2024-25,0,0,0,0.0,0.0,0.5,0.0,0.0,1,0.5,3,
2024-10-08,0012400017,Detroit Pistons,Phoenix Suns,0,0,2024-25,0,0,0,0.0,0.0,0.0,0.0,0.0,1,1.0,3,3.0
2024-10-08,0012400018,Atlanta Hawks,Indiana Pacers,0,0,2024-25,0,0,0,0.0,0.0,0.5,0.0,0.0,1,0.5,3,
2024-10-08,0012400019,Los Angeles Clippers,Brooklyn Nets,0,0,2024-25,0,0,0,0.0,0.0,0.0,0.0,0.0,1,0.5,3,
2024-10-09,0012400020,New York Knicks,Washington Wizards,0,0,2024-25,0,0,0,0.0,0.0,0.5,0.0,0.0,1,1.0,3,
2024-10-09,0012400021,Oklahoma City Thunder,Houston Rockets,0,0,2024-25,0,0,0,0.0,0.0,0.5,0.0,0.0,1,1.0,3,
2024-10-09,0012400022,San Antonio Spurs,Orlando Magic,0,0,2024-25,0,0,0,0.0,0.0,0.0,0.0,0.0,1,1.0,3,3.0
2024-10-09,0012400023,Sacramento Kings,Golden State Warriors,0,0,2024-25,0,0,0,0.0,0.0,0.5,0.0,0.0,1,1.0,3,
2024-10-10,0012400029,Oklahoma City Thunder,Team_15020,0,0,2024-25,0,0,0,0.0,0.0,0.0,0.0,0.0,1,1.0,3,3.0
2024-10-10,0012400028,Milwaukee Bucks,Los Angeles Lakers,0,0,2024-25,0,0,0,0.0,0.0,0.5,0.0,0.0,1,0.5,3,
2024-10-10,0012400026,Dallas Mavericks,Utah Jazz,0,0,2024-25,0,0,0,0.0,0.0,0.0,0.0,0.0,1,0.5,3,
2024-10-10,0012400024,Cleveland Cavaliers,Indiana Pacers,0,0,2024-25,0,0,0,0.0,0.0,0.0,0.0,0.0,1,1.0,3,3.0
2024-10-10,0012400027,Memphis Grizzlies,Charlotte Hornets,0,0,2024-25,0,0,0,0.0,0.0,0.5,0.0,0.0,1,0.5,3,
2024-10-11,0012400031,Washington Wizards,Toronto Raptors,0,0,2024-25,0,0,0,0.0,0.0,0.5,0.0,0.0,1,0.5,3,
2024-10-11,0012400032,Minnesota Timberwolves,Philadelphia 76ers,0,0,2024-25,0,0,0,0.0,0.0,0.5,0.0,0.0,1,0.5,3,
2024-10-11,0012400033,Golden State Warriors,Sacramento Kings,0,0,2024-25,0,0,0,0.0,0.0,0.5,0.0,0.0,1,0.5,3,
2024-10-11,0012400034,Phoenix Suns,Detroit Pistons,0,0,2024-25,0,0,0,0.0,0.0,0.5,0.0,0.0,1,0.5,3,
2024-10-11,0012400035,Los Angeles Clippers,Portland Trail Blazers,0,0,2024-25,0,0,0,0.0,0.0,0.0,0.0,0.0,1,0.5,3,
2024-10-12,0012400036,Boston Celtics,Philadelphia 76ers,0,0,2024-25,0,0,0,0.0,0.0,0.0,0.0,0.0,1,1.0,3,3.0
2024-10-12,0012400037,Chicago Bulls,Memphis Grizzlies,0,0,2024-25,0,0,0,0.0,0.0,0.5,0.0,0.0,1,1.0,3,
2024-10-12,0012400038,San Antonio Spurs,Utah Jazz,0,0,2024-25,0,0,0,0.0,0.0,0.0,0.0,0.0,1,1.0,3,3.0
2024-10-13,0012400040,New York Knicks,Minnesota Timberwolves,0,0,2024-25,0,0,0,0.0,0.0,0.0,0.0,0.0,1,1.0,3,3.0
2024-10-13,0012400044,Golden State Warriors,Detroit Pistons,0,0,2024-25,0,0,0,0.0,0.0,0.0,0.0,0.0,1,1.0,3,3.0
2024-10-13,0012400043,Denver Nuggets,Phoenix Suns,0,0,2024-25,0,0,0,0.0,0.0,0.0,0.0,0.0,1,1.0,3,3.0
2024-10-13,0012400039,Miami Heat,New Orleans Pelicans,0,0,2024-25,0,0,0,0.0,0.0,0.5,0.0,0.0,1,0.5,3,
2024-10-13,0012400041,Sacramento Kings,Portland Trail Blazers,0,0,2024-25,0,0,0,0.0,0.0,0.0,0.0,0.0,1,1.0,3,3.0
2024-10-13,0012400042,Boston Celtics,Toronto Raptors,0,0,2024-25,0,0,0,0.0,0.0,0.0,0.0,0.0,1,1.0,3,3.0
2024-10-14,0012400048,Milwaukee Bucks,Chicago Bulls,0,0,2024-25,0,0,0,0.0,0.0,0.0,0.0,0.0,1,1.0,3,3.0
2024-10-14,0012400045,Indiana Pacers,Memphis Grizzlies,0,0,2024-25,0,0,0,0.0,0.0,0.5,0.0,0.0,1,1.0,3,
2024-10-14,0012400046,Atlanta Hawks,Philadelphia 76ers,0,0,2024-25,0,0,0,0.0,0.0,0.0,0.0,0.0,1,1.0,3,3.0
2024-10-14,0012400047,Brooklyn Nets,Washington Wizards,0,0,2024-25,0,0,0,0.0,0.0,0.5,0.0,0.0,1,1.0,3,
2024-10-14,0012400049,Los Angeles Clippers,Dallas Mavericks,0,0,2024-25,0,0,0,0.0,0.0,0.0,0.0,0.0,1,0.5,3,
2024-10-15,0012400055,Utah Jazz,Sacramento Kings,0,0,2024-25,0,0,0,0.0,0.0,0.0,0.0,0.0,1,1.0,3,3.0
2024-10-15,0012400056,Los Angeles Lakers,Golden State Warriors,0,0,2024-25,0,0,0,0.0,0.0,0.0,0.0,0.0,1,1.0,3,3.0
2024-10-15,0012400053,Houston Rockets,New Orleans Pelicans,0,0,2024-25,0,0,0,0.0,0.0,0.5,0.0,0.0,1,1.0,3,
2024-10-15,0012400054,Denver Nuggets,Oklahoma City Thunder,0,0,2024-25,0,0,0,0.0,0.0,0.0,0.0,0.0,1,1.0,3,3.0
2024-10-15,0012400051,Miami Heat,San Antonio Spurs,0,0,2024-25,0,0,0,0.0,0.0,0.0,0.0,0.0,1,0.5,3,
2024-10-15,0012400050,Toronto Raptors,Boston Celtics,0,0,2024-25,0,0,0,0.0,0.0,0.0,0.0,0.0,1,1.0,3,3.0
2024-10-15,0012400052,New York Knicks,Charlotte Hornets,0,0,2024-25,0,0,0,0.0,0.0,0.0,0.0,0.0,1,1.0,3,3.0
2024-10-17,0012400066,Los Angeles Clippers,Sacramento Kings,0,0,2024-25,0,0,0,0.0,0.0,0.0,0.0,0.0,1,1.0,3,3.0
2024-10-17,0012400061,Indiana Pacers,Charlotte Hornets,0,0,2024-25,0,0,0,0.0,0.0,0.0,0.0,0.0,1,1.0,3,3.0
2024-10-17,0012400062,Dallas Mavericks,Milwaukee Bucks,0,0,2024-25,0,0,0,0.0,0.0,0.0,0.0,0.0,1,1.0,3,3.0
2024-10-17,0012400063,Houston Rockets,San Antonio Spurs,0,0,2024-25,0,0,0,0.0,0.0,0.0,0.0,0.0,1,1.0,3,3.0
2024-10-17,0012400064,Oklahoma City Thunder,Atlanta Hawks,0,0,2024-25,0,0,0,0.0,0.0,0.0,0.0,0.0,1,0.5,3,
2024-10-17,0012400072,Minnesota Timberwolves,Denver Nuggets,0,0,2024-25,0,0,0,0.0,0.0,0.0,0.0,0.0,1,1.0,3,3.0
2024-10-17,0012400065,Phoenix Suns,Los Angeles Lakers,0,0,2024-25,0,0,0,0.0,0.0,0.0,0.0,0.0,1,1.0,3,3.0
2024-10-18,0012400074,Golden State Warriors,Los Angeles Lakers,0,0,2024-25,0,0,0,0.0,0.0,0.0,0.0,0.0,1,1.0,3,3.0
2024-10-18,0012400073,Portland Trail Blazers,Utah Jazz,0,0,2024-25,0,0,0,0.0,0.0,0.5,0.0,0.0,1,1.0,3,
2024-10-18,0012400071,Memphis Grizzlies,Miami Heat,0,0,2024-25,0,0,0,0.0,0.0,0.0,0.0,0.0,1,1.0,3,3.0
2024-10-18,0012400068,Washington Wizards,New York Knicks,0,0,2024-25,0,0,0,0.0,0.0,0.0,0.0,0.0,1,1.0,3,3.0
2024-10-18,0012400069,Brooklyn Nets,Toronto Raptors,0,0,2024-25,0,0,0,0.0,0.0,0.0,0.0,0.0,1,1.0,3,3.0
2024-10-18,0012400067,Orlando Magic,Philadelphia 76ers,0,0,2024-25,0,0,0,0.0,0.0,0.5,0.0,0.0,1,1.0,3,
2024-10-18,0012400070,Chicago Bulls,Cleveland Cavaliers,0,0,2024-25,0,0,0,0.0,0.0,0.0,0.0,0.0,1,0.5,3,
2024-10-22,0022400062,Los Angeles Lakers,Minnesota Timberwolves,0,0,2024-25,0,0,0,0.0,0.0,0.0,0.0,0.0,1,1.0,3,3.0
2024-10-22,0022400061,Boston Celtics,New York Knicks,0,0,2024-25,0,0,0,0.0,0.0,0.0,0.0,0.0,1,1.0,3,3.0
2024-10-23,0022400071,Los Angeles Clippers,Phoenix Suns,0,0,2024-25,0,0,0,0.0,0.0,0.0,0.0,0.0,1,1.0,3,3.0
2024-10-23,0022400070,Utah Jazz,Memphis Grizzlies,0,0,2024-25,0,0,0,0.0,0.0,0.0,0.0,0.0,1,1.0,3,3.0
2024-10-23,0022400069,New Orleans Pelicans,Chicago Bulls,0,0,2024-25,0,0,0,0.0,0.0,0.0,0.0,0.0,1,1.0,3,3.0
2024-10-23,0022400072,Portland Trail Blazers,Golden State Warriors,0,0,2024-25,0,0,0,0.0,0.0,0.0,0.0,0.0,1,1.0,3,3.0
2024-10-23,0022400068,Houston Rockets,Charlotte Hornets,0,0,2024-25,0,0,0,0.0,0.0,0.0,0.0,0.0,1,1.0,3,3.0
2024-10-23,0022400067,Toronto Raptors,Cleveland Cavaliers,0,0,2024-25,0,0,0,0.0,0.0,0.0,0.0,0.0,1,1.0,3,3.0
2024-10-23,0022400066,Philadelphia 76ers,Milwaukee Bucks,0,0,2024-25,0,0,0,0.0,0.0,0.0,0.0,0.0,1,1.0,3,3.0
2024-10-23,0022400065,Miami Heat,Orlando Magic,0,0,2024-25,0,0,0,0.0,0.0,0.0,0.0,0.0,1,1.0,3,3.0
2024-10-23,0022400064,Atlanta Hawks,Brooklyn Nets,0,0,2024-25,0,0,0,0.0,0.0,0.0,0.0,0.0,1,1.0,3,3.0
2024-10-23,0022400063,Detroit Pistons,Indiana Pacers,0,0,2024-25,0,0,0,0.0,0.0,0.0,0.0,0.0,1,1.0,3,3.0
2024-10-24,0022400073,Washington Wizards,Boston Celtics,0,0,2024-25,0,0,0,0.0,0.0,0.0,0.0,0.0,1,1.0,3,3.0
2024-10-24,0022400074,Dallas Mavericks,San Antonio Spurs,0,0,2024-25,0,0,0,0.0,0.0,0.0,0.0,0.0,1,1.0,3,3.0
2024-10-24,0022400075,Denver Nuggets,Oklahoma City Thunder,0,0,2024-25,0,0,0,0.0,0.0,0.0,0.0,0.0,1,1.0,3,3.0
2024-10-24,0022400076,Sacramento Kings,Minnesota Timberwolves,0,0,2024-25,0,0,0,0.0,0.0,0.0,0.0,0.0,1,1.0,3,3.0
2024-10-25,0022400086,Portland Trail Blazers,New Orleans Pelicans,0,0,2024-25,0,0,0,0.0,0.0,0.0,0.0,0.0,1,1.0,3,3.0
2024-10-25,0022400085,Los Angeles Lakers,Phoenix Suns,0,0,2024-25,0,0,0,0.0,0.0,0.0,0.0,0.0,1,1.0,3,3.0
2024-10-25,0022400084,Utah Jazz,Golden State Warriors,0,0,2024-25,0,0,0,0.0,0.0,0.0,0.0,0.0,1,1.0,3,3.0
2024-10-25,0022400083,Milwaukee Bucks,Chicago Bulls,0,0,2024-25,0,0,0,0.0,0.0,0.0,0.0,0.0,1,1.0,3,3.0
2024-10-25,0022400082,Houston Rockets,Memphis Grizzlies,0,0,2024-25,0,0,0,0.0,0.0,0.0,0.0,0.0,1,1.0,3,3.0
2024-10-25,0022400079,Atlanta Hawks,Charlotte Hornets,0,0,2024-25,0,0,0,0.0,0.0,0.0,0.0,0.0,1,1.0,3,3.0
2024-10-25,0022400080,Cleveland Cavaliers,Detroit Pistons,0,0,2024-25,0,0,0,0.0,0.0,0.0,0.0,0.0,1,1.0,3,3.0
2024-10-25,0022400078,Toronto Raptors,Philadelphia 76ers,0,0,2024-25,0,0,0,0.0,0.0,0.0,0.0,0.0,1,1.0,3,3.0
2024-10-25,0022400077,Orlando Magic,Brooklyn Nets,0,0,2024-25,0,0,0,0.0,0.0,0.0,0.0,0.0,1,1.0,3,3.0
2024-10-25,0022400081,New York Knicks,Indiana Pacers,0,0,2024-25,0,0,0,0.0,0.0,0.0,0.0,0.0,1,1.0,3,3.0
2024-10-26,0022400092,Memphis Grizzlies,Orlando Magic,0,0,2024-25,0,0,0,0.0,0.0,0.0,0.0,0.0,1,1.0,3,3.0
2024-10-26,0022400094,San Antonio Spurs,Houston Rockets,0,0,2024-25,0,0,0,0.0,0.0,0.0,0.0,0.0,1,1.0,3,3.0
2024-10-26,0022400093,Minnesota Timberwolves,Toronto Raptors,0,0,2024-25,0,0,0,0.0,0.0,0.0,0.0,0.0,1,1.0,3,3.0
2024-10-26,0022400091,Chicago Bulls,Oklahoma City Thunder,0,0,2024-25,0,0,0,0.0,0.0,0.0,0.0,0.0,1,1.0,3,3.0
2024-10-26,0022400095,Phoenix Suns,Dallas Mavericks,0,0,2024-25,0,0,0,0.0,0.0,0.0,0.0,0.0,1,1.0,3,3.0
2024-10-26,0022400089,Detroit Pistons,Boston Celtics,0,0,2024-25,0,0,0,0.0,0.0,0.0,0.0,0.0,1,1.0,3,3.0
2024-10-26,0022400088,Charlotte Hornets,Miami Heat,0,0,2024-25,0,0,0,0.0,0.0,0.0,0.0,0.0,1,1.0,3,3.0
2024-10-26,0022400087,Denver Nuggets,Los Angeles Clippers,0,0,2024-25,0,0,0,0.0,0.0,0.0,0.0,0.0,1,0.5,3,
2024-10-26,0022400090,Washington Wizards,Cleveland Cavaliers,0,0,2024-25,0,0,0,0.0,0.0,0.0,0.0,0.0,1,1.0,3,3.0
2024-10-26,0022400096,Los Angeles Lakers,Sacramento Kings,0,0,2024-25,0,0,0,0.0,0.0,0.0,0.0,0.0,1,1.0,3,3.0
